File,Site,Type,Proxy,lon0,lat0,lonb,latb,lonh,lath,lonbc,latbc,lonbci,latbci,DepthOri,Depth,prePETMmean,prePETMstd,prePETMn,peakPETM,peakPETMstd,peakPETMn,PETMmean,PETMstd,PETMn,postPETMmean,postPETMstd,postPETMn,Glassy,mg_bcp_red,d18osw_local,d18osw_1x,d18osw_3x,d18osw_6x,d18osw_9x,prePETMSST,prePETMstd,peakPETMSST,peakPETMstd,PETMSST,PETMstd,postPETMSST,postPETMstd
Hines et al. 2017,277,MgCa,mgca_morozovella:barker,166.1913333,-52.22383333,-168.55,-56.15,-173.95,-62.45,-168.55,-58.15,-178.55,-56.15,,1000,,,,5.84,,1,4.733797619,0.510944124,7,,,,,mg_bcp,,,,,,NaN,NaN,41.431314,3.115231932,38.2663306,3.116829941,NaN,NaN
Hines et al. 2017,277,MgCa,mgca_acarinina:barker,166.1913333,-52.22383333,-168.55,-56.15,-173.95,-62.45,-168.55,-58.15,-178.55,-56.15,,1000,3.78985873,0.27618619,7,5.85,,1,4.58517393,0.56202096,8,3.000051611,0.375659652,6,,mg_bcp,,,,,,34.9642803,3.095250137,41.44313185,3.098129698,37.8537896,3.128168405,31.4202637,3.102858758
Hollis et al. 2015,277,d18O,d18o_morozovella,166.1913333,-52.22383333,-168.55,-56.15,-173.95,-62.45,-168.55,-56.15,-178.55,-56.15,,1000,,,,-2.97,,1,-2.74,0.190998255,3,,,,glassy,,-0.98172997,-2.0119,-2.1334,-2.6109,-3.1913,NaN,NaN,20.46594838,2.401333306,19.55589788,2.347382419,NaN,NaN
Hollis et al. 2015,277,d18O,d18o_acarinina,166.1913333,-52.22383333,-168.55,-56.15,-173.95,-62.45,-168.55,-56.15,-178.55,-56.15,,1000,-1.44256343,0.309293393,3,-2.117132334,,1,-2.073153087,0.05324009,3,-1.462080089,0.28805591,2,glassy,,-0.98172997,-2.0119,-2.1334,-2.6109,-3.1913,14.27652296,2.291462805,16.89759074,2.310274502,16.54923417,2.317263609,14.3084034,2.229239901
sluijs2006-acex302-4a.txt,302,TEX86,tex86,136.18,87.87,26.15,76.95,9.3,83,26.15,76.95,26.15,76.95,,,0.608181818,0.018340219,11,0.63,,1,0.616315789,0.017704527,19,0.555333333,0.014573296,15,,,nan,nan,nan,nan,nan,22.69359095,3.87405728,23.81418226,3.689803467,23.19592331,3.847855004,19.50045798,4.0133082
gutjahr2017-dsdp401d18omgca.txt,401,d18O,d18o_m.subb,-8.810333333,47.4275,-4.25,35.55,-10.95,41.8,-10.95,41.8,-10.95,41.8,,,-1.655825932,0.169880999,6,-2.571895189,,1,-2.405783121,0.121019112,12,-2.15379879,0.144355473,17,semi-glassy,,-0.58454,-0.4452,-1.1415,-0.6386,-1.2671,19.13289488,2.274168181,22.82348637,2.30436745,22.18848728,2.363186917,21.2621323,2.296500906
gutjahr2017-dsdp401d18omgca.txt,401,MgCa,mgca_m.subb:barker,-8.810333333,47.4275,-4.25,35.55,-10.95,41.8,-10.95,41.8,-10.95,41.8,,,3.437603767,0.121482347,6,4,,1,3.820267683,0.117178611,12,3.542116974,0.122404598,17,,mg_bcp,nan,nan,nan,nan,nan,34.04392443,3.155561541,36.32808143,3.139075601,35.60541605,3.081626428,34.55655875,3.06160506
"Bornemann et al., 2014",401,d18O,d18o_m.subb,-8.810333333,47.4275,-4.25,35.55,-10.95,41.8,-10.95,41.8,-10.95,41.8,,,-1.8812,0.132210943,10,-2.742,,1,-2.47863847,0.192356769,19,-2.424806452,0.223915969,31,glassy,,-0.58454,-0.4452,-1.1415,-0.6386,-1.2671,20.021961,2.350238909,23.60073854,2.304385869,22.5049495,2.254654591,22.29223328,2.268498101
"Bornemann et al., 2014",401,d18O,d18o_a.soldadoensis,-8.810333333,47.4275,-4.25,35.55,-10.95,41.8,-10.95,41.8,-10.95,41.8,,,-1.73433,0.251638074,10,-2.478,,1,-1.8197,0.345095055,14,-2.044772727,0.310406789,22,glassy,,-0.58454,-0.4452,-1.1415,-0.6386,-1.2671,19.40663284,2.324808644,22.50451778,2.274081288,19.88693791,2.290118345,20.73082026,2.341351487
"Bornemann et al., 2014",401,MgCa,mgca_m.subbotinae:barker,-8.810333333,47.4275,-4.25,35.55,-10.95,41.8,-10.95,41.8,-10.95,41.8,,,3.461666667,0.112766721,3,4.057,,1,3.851166667,0.193805487,6,3.604,0.04936598,5,,mg_bcp,,,,,,34.0976717,3.103240885,36.54767358,3.064050895,35.83181355,3.104619986,34.74779345,3.098523376
tripati2005-527d18osoldadoensis.txt,527,d18O,d18o_acarinina,1.76,-28.04,-3.8,-41.45,-17.75,-34.95,-17.75,-34.95,-17.75,-34.95,,,-0.644385859,0.217974436,13,-1.7782258,,1,-1.173387094,0.350509117,21,-0.417338697,0.314655668,11,unknown,,-0.38127,-0.3387,-0.1379,-0.6653,-1.196,19.05861629,2.238924806,23.71566077,2.311334914,21.27640782,2.239842232,18.08949566,2.329517507
tripati2005-527mgcasoldadoensis.txt,527,MgCa,mgca_acarinina:barker,1.76,-28.04,-3.8,-41.45,-17.75,-34.95,-17.75,-34.95,-17.75,-34.95,,,3.54245,0.157953594,12,4.2409124,,1,3.9772,0.214068933,6,3.66767,0.211048989,15,,mg_bcp,nan,nan,nan,nan,nan,33.76391555,3.124858594,36.49290903,3.095095654,35.47027993,3.113384943,34.29414333,3.083911682
tripati2005-527mgcam.subb.txt,527,MgCa,mgca_m.subb:barker,1.76,-28.04,-3.8,-41.45,-17.75,-34.95,-17.75,-34.95,-17.75,-34.95,,,3.43987,0.200862247,3,4.5670424,,1,4.56704,0,1,3.81791,0.156074252,4,,mg_bcp,nan,nan,nan,nan,nan,33.32382885,3.13610613,37.56863283,3.14285527,37.6131195,3.096267822,34.8093549,3.155026125
thomas1999-527d18oacarinina.txt,527,d18O,d18o_acarinina,1.76,-28.04,-3.8,-41.45,-17.75,-34.95,-17.75,-34.95,-17.75,-34.95,,,-0.78,0.13453624,5,-1.38,,1,-1.066666667,0.320208266,3,-0.447142857,0.246219028,7,unknown,,-0.38127,-0.3387,-0.1379,-0.6653,-1.196,19.55313249,2.415097372,21.97078324,2.36680518,20.79601793,2.341645279,18.23911678,2.413469662
thomas1999-527d18oacarinina.txt,527,d18O,d18o_acarinina_l,1.76,-28.04,-3.8,-41.45,-17.75,-34.95,-17.75,-34.95,-17.75,-34.95,,,-0.528,0.272066168,5,-1.54,,1,-1.198888889,0.383615838,9,-0.69,0.13453624,3,unknown,,-0.38127,-0.3387,-0.1379,-0.6653,-1.196,18.62182955,2.257266084,22.63292715,2.321335479,21.39208966,2.252340718,19.20432452,2.297882653
thomas1999-527d18oacarinina.txt,527,d18O,d18o_acarinina_s,1.76,-28.04,-3.8,-41.45,-17.75,-34.95,-17.75,-34.95,-17.75,-34.95,,,-0.628,0.103778611,5,-1.78,,1,-1.136666667,0.420802804,9,-0.573333333,0.29143324,3,unknown,,-0.38127,-0.3387,-0.1379,-0.6653,-1.196,18.92431396,2.275753556,23.78984541,2.3687617,21.05510648,2.20973077,18.73833226,2.213718354
stott-549d18omixthermo.txt,549,d18O,d18o_m.subb,-13.1,49.09,-7.75,37.95,-20.01,43.75,-20.01,43.75,-20.01,43.75,,,-2.424,0.382007853,5,-3.29,,1,-2.575,1.011162697,2,-2.36,0.272868362,8,unknown,,-0.64366,-0.545,-1.5369,-1.5406,-1.9288,20.61365422,2.257657747,24.26488793,2.305056969,21.14632016,2.129100523,20.31221848,2.326818747
Si et al. 2018,689,d18O,d18o_acarinina,3.1,-64.52,4.15,-71.45,0.65,-65,4.15,-70,4.15,-70,1400-1650,1525,-0.28948,0.113101734,10,-1.83594,,1,-1.308462632,0.262733104,19,,,,glassy,,-1.1435,-1.5035,-1.4306,-2.4148,-3.454,12.15884215,2.247388709,18.65493881,2.288638911,16.38884911,2.220187684,NaN,NaN
Si et al. 2018,689,d18O,d18o_morozovella,3.1,-64.52,4.15,-71.45,0.65,-65,4.15,-70,4.15,-70,,1525,-1.28135,,1,-1.785898,0.183422248,5,-1.518904545,0.290913822,11,,,,glassy,,-1.1435,-1.5035,-1.4306,-2.4148,-3.454,16.29412486,2.27325053,18.39120649,2.293460735,17.28950428,2.225798161,NaN,NaN
thomas2002-odpsite690b.txt,690,d18O,d18o_acarinina,1.2,-65.16,1.45,-71.4,-11.35,-65.05,-5,-65.05,-5,-65.05,,,-0.401363636,0.515104825,44,-1.499893617,0.307579851,94,-1.499893617,0.307579851,94,-2.368684211,0.208276986,38,unknown,,-1.1245,-1.0866,-1.0474,-2.1687,-3.074,14.38880475,2.296156389,18.8109584,2.396423768,18.74424338,2.294821755,22.36141242,2.251501619
kennett1991-odpsite690b.txt,690,d18O,d18o_a.praep,1.2,-65.16,1.45,-71.4,-11.35,-65.05,-5,-65.05,-5,-65.05,,,-0.38,0.296984848,2,-1.66,,1,-1.28,0.32969683,3,-1.946666667,0.160727513,3,unknown,,-1.1245,-1.0866,-1.0474,-2.1687,-3.074,14.25835389,2.348892448,19.59160869,2.311477595,17.92371545,2.347869085,20.675866,2.316156095
thomas1996-690d18ofora.txt,690,d18O,d18o_acarinina,1.2,-65.16,1.45,-71.4,-11.35,-65.05,-5,-65.05,-5,-65.05,,,nan,nan,0,-1.67,,1,-1.326,0.266232981,5,nan,nan,0,unkonwn,,-1.1245,-1.0866,-1.0474,-2.1687,-3.074,NaN,NaN,19.40065938,2.255448451,17.97364436,2.278875257,NaN,NaN
thomas1996-690d18ofora.txt,690,d18O,d18o_morozovella,1.2,-65.16,1.45,-71.4,-11.35,-65.05,-5,-65.05,-5,-65.05,,,nan,nan,0,-2.15,,1,-1.9375,0.327554067,4,nan,nan,0,unknown,,-1.1245,-1.0866,-1.0474,-2.1687,-3.074,NaN,NaN,21.55793321,2.318524418,20.76128169,2.332907234,NaN,NaN
kozdon2020-690-d18O,690,d18O,d18o_acarinina,1.2,-65.16,1.45,-71.4,-11.35,-65.05,-5,-65.05,-5,-65.05,,,-2.1825,1.09639181,12,-2.436,0.15323185,5,-2.248636364,0.402140646,22,-3.37,0.798707289,4,glassy,,-1.1245,-1.0866,-1.0474,-2.1687,-3.074,21.54164696,2.294465299,22.86542093,2.329649397,22.00776381,2.23071161,26.47479793,2.214023792
kozdon2020-690-MgCa,690,MgCa,mgca_acarinina:reductive,1.2,-65.16,1.45,-71.4,-11.35,-65.05,-5,-65.05,-5,-65.05,,,2.92,1.197627284,10,3.94,1.117228714,2,3.423636364,0.802558679,22,3.114285714,0.737808854,7,,mg_red,,nan,nan,nan,nan,33.27798005,3.1012201,37.6766175,3.065647546,35.65898265,3.134623679,34.20966722,3.069157937
kozdon2013-865d18omorozovellasims.txt,865,d18O,d18o_morozovella,-179.55,18.43,-138.05,10.35,-163.85,4.85,-138.05,10.35,-138.05,10.35,,,-3.258,0.247325696,5,-4.27,,1,-4.126666667,0.158703077,6,-3.44,0.291547595,4,glassy,,-0.1536,-0.9152,-0.6491,-0.8458,-0.8966,27.52087554,2.302322355,31.87814256,2.345549602,31.23603724,2.352545816,28.43968302,2.209060372
tripati2003-865mgcamorozovella.txt,865,MgCa,mgca_m.subbotinae:barker,-179.55,18.43,-138.05,10.35,-163.85,4.85,-138.05,10.35,-138.05,10.35,,,nan,nan,0,,,,nan,nan,0,4.38,0,1,,mg_bcp,nan,nan,nan,nan,nan,NaN,NaN,NaN,NaN,NaN,NaN,37.04316065,3.109247058
tripati2003-865mgcamorozovella.txt,865,MgCa,mgca_m.velascoensis:barker,-179.55,18.43,-138.05,10.35,-163.85,4.85,-138.05,10.35,-138.05,10.35,,,4.33167,0.347529375,6,,,,nan,nan,0,4.22,0,1,,mg_bcp,nan,nan,nan,nan,nan,36.85243773,3.060677122,NaN,NaN,NaN,NaN,36.48875325,3.072299159
kelly1998-865d18omorozovella.txt,865,d18O,d18o_morozovella,-179.55,18.43,-138.05,10.35,-163.85,4.85,-138.05,10.35,-138.05,10.35,,,-2.220006739,0.191,18,,,,-1.978316739,0.27034138,26,nan,nan,0,frosty,,0.331006739,-0.9152,-0.6491,-0.8458,-0.8966,23.57963891,2.276234034,NaN,NaN,22.4248414,2.23570621,NaN,NaN
kelly1998-865d18oacarinina.txt,865,d18O,d18o_acarinina,-179.55,18.43,-138.05,10.35,-163.85,4.85,-138.05,10.35,-138.05,10.35,,,-2.186764637,0.2866,23,,,,-2.232584637,0.270020424,17,nan,nan,0,frosty,,0.393764637,-0.9152,-0.6491,-0.8458,-0.8966,23.31396845,2.258239903,NaN,NaN,23.59673244,2.242960844,NaN,NaN
tripati2004-865mgcamorozovella.txt,865,MgCa,mgca_morozovella:barker,-179.55,18.43,-138.05,10.35,-163.85,4.85,-138.05,10.35,-138.05,10.35,,,3.89999,0.211340113,10,4.7106814,,1,4.66837,0.059831628,2,4.41743,0.189689702,11,,mg_bcp,nan,nan,nan,nan,nan,35.336285,3.113223071,38.16090235,3.081957465,38.08705458,3.049401795,37.102078,3.114000181
tripati2004-865mgcaasoldadoensis.txt,865,MgCa,mgca_acarinina:barker,-179.55,18.43,-138.05,10.35,-163.85,4.85,-138.05,10.35,-138.05,10.35,,,4.05773582,0.279418119,10,4.691423,,1,4.6472,0.062545009,2,4.47168,0.180745237,12,,mg_bcp,nan,nan,nan,nan,nan,35.91061177,3.09136826,38.13538888,3.016281554,37.97339853,3.101419018,37.41973053,3.026008414
bralower1995-865d18omorozovella.txt,865,d18O,d18o_morozovella,-179.55,18.43,-138.05,10.35,-163.85,4.85,-138.05,10.35,-138.05,10.35,,,-1.870769231,0.057801606,13,,,,nan,nan,nan,-2.0325,0.060886311,8,frosty,,-0.1536,-0.9152,-0.6491,-0.8458,-0.8966,22.01818791,2.286157564,NaN,NaN,NaN,NaN,22.68435656,2.30723563
bralower1995-865d18oacarinina.txt,865,d18O,d18o_acarinina,-179.55,18.43,-138.05,10.35,-163.85,4.85,-138.05,10.35,-138.05,10.35,,,-2.009230769,0.060753812,13,,,,nan,nan,nan,-1.952857143,0.115861165,7,frosty,,-0.1536,-0.9152,-0.6491,-0.8458,-0.8966,22.44350309,2.307974758,NaN,NaN,NaN,NaN,22.25144768,2.196351767
"Frieling et al., 2019",959,TEX86,tex86,-2.73583,3.6275,-3.4,-9.15,-8.55,-2.65,-3.4,-10,-3.4,-10,2091,1000,0.859222222,0.013845376,9,0.96425,0.002217356,4,0.960333333,0.003576014,12,0.878,0,1,,,,,,,,36.66625899,4.475944002,33.67926798,2.258620621,33.44075149,2.308756931,37.69268543,4.719485247
bijl2009-1172.txt,1172,TEX86,tex86,150,-44,169.35,-58.75,149,-64.45,149,-64.45,149,-64.45,,,0.6295,0.005063372,2,,,,nan,nan,0,0.62065,0.007590664,2,,,nan,nan,nan,nan,nan,24.66719895,3.787946242,NaN,NaN,NaN,NaN,24.31722367,3.930712892
sluijs2011-odpsite1172.txt,1172,TEX86,tex86,150,-44,169.35,-58.75,149,-64.45,149,-64.45,149,-64.45,,,0.6555,0.014970942,20,0.82,,1,0.774245168,0.028997344,11,0.652002319,0.014361,10,,,nan,nan,nan,nan,nan,26.21891738,3.857910576,34.04380165,4.196264047,32.31608754,4.118890412,26.0015423,3.868244213
zachos2003-1209d18om.velascoensis.txt,1209,d18O,d18o_m.velascoensis,158.51,32.65,-155.45,28.35,-171.45,22.2,-155.45,28.35,-155.45,28.35,,,-1.466363636,0.248261488,22,-2.32,,1,-1.923939394,0.170761902,66,-1.634516129,0.167009754,31,frosty,,-0.09392,-0.7188,-0.2974,-0.4559,-0.635,21.79200087,2.259650995,25.16745455,2.352006852,23.55859939,2.37857808,22.39942551,2.226717401
zachos2003-1209d18oa.soldadoensis.txt,1209,d18O,d18o_acarinina,158.51,32.65,-155.45,28.35,-171.45,22.2,-155.45,28.35,-155.45,28.35,,,-1.419090909,0.168431265,11,-2.1,,1,-1.678378378,0.188259772,37,-1.357727273,0.206095951,22,frosty,,-0.09392,-0.7188,-0.2974,-0.4559,-0.635,21.63294764,2.21544987,24.50278598,2.374662712,22.6997164,2.244882694,21.43721985,2.343493406
zachos2003-1209mgcam.velascoensis.txt,1209,MgCa,mgca_morozovella:reductive,158.51,32.65,-155.45,28.35,-171.45,22.2,-155.45,28.35,-155.45,28.35,,,3.68267,0.056721542,3,5.592,,1,5.21483,0.21450189,12,5.24025,0.467615456,8,,mg_red,nan,nan,nan,nan,nan,36.5070526,3.088915606,42.7842377,3.115681471,41.7664434,3.139194918,41.89451905,3.08646948
zachos2003-1209mgcaa.soldadoensis.txt,1209,MgCa,mgca_acarinina:reductive,158.51,32.65,-155.45,28.35,-171.45,22.2,-155.45,28.35,-155.45,28.35,,,3.58725,0.057673651,4,5.924,,1,5.07191,0.471613073,11,4.9068,0.364546032,5,,mg_red,nan,nan,nan,nan,nan,36.09462825,3.07700836,43.76917072,3.088764317,41.30719965,3.119430725,40.84279625,3.083444909
Penman et al. 2014; Harper et al. 2020,1209,MgCa,mgca_morozovella:reductive,158.51,32.65,-155.45,28.35,-171.45,22.2,-155.45,28.35,-155.45,28.35,,,3.455833333,0.200882523,12,5.42,0.06244998,3,5.093571429,0.272949901,14,4.7675,0.24040145,8,,mg_red,,,,,,35.5750452,3.127229986,42.27451188,3.11252756,41.42842223,3.089311031,40.37549718,3.07085208
Penman et al. 2014; Harper et al. 2020,1209,MgCa,mgca_acarinina:reductive,158.51,32.65,-155.45,28.35,-171.45,22.2,-155.45,28.35,-155.45,28.35,,,3.58,,1,5.21,,1,4.86,0.317529526,9,4.7675,0.24040145,8,,mg_red,,,,,,36.10779273,3.070565309,41.67962038,3.110878587,40.6180523,3.092500347,40.38182403,3.086857016
Barnet et al. 2020,U1443,d18O,d18o_morozovella,-51.80333,39.943328,-26.85,30.25,-34.75,35.45,-26.85,30.25,-41,37.5,,5000,-1.512666667,0.115846162,3,-1.652,,1,-1.6365,0.02192031,2,-1.622,,1,frosty,,,,,,,NaN,NaN,NaN,NaN,NaN,NaN,NaN,NaN
Barnet et al. 2020,U1443,d18O,mgca_morozovella:barker,-51.80333,39.943328,-26.85,30.25,-34.75,35.45,-26.85,30.25,-41,37.5,,5000,4.022845833,0.034787506,3,4.80644832,,1,4.805316075,0.001601237,2,4.552232775,,1,,mg_bcp,,,,,,NaN,NaN,NaN,NaN,NaN,NaN,NaN,NaN
sluijs2007-bassriver.txt,BR,TEX86,tex86,-74.43,39.6,-46.05,34.95,-55.55,38.45,-55.55,38.45,-55.55,38.45,,,0.762,0.033636715,15,0.92,,1,0.891176471,0.016912404,17,0.7975,0.054967523,8,,,nan,nan,nan,nan,nan,31.84313758,4.225663677,31.35477765,2.225183902,31.96379305,3.135444084,33.15243845,4.047494947
john2008-bassriverd18o.txt,BR,d18O,d18o_acarinina,-74.43,39.6,-46.05,34.95,-55.55,38.45,-55.55,38.45,-52,38.45,,,-2.32698,0.26867008,5,-3.57,,1,-3.139657576,0.312107111,33,-2.733625,0.131244057,4,glassy,,-0.48343,-0.4707,-0.5658,-0.422,-0.794,24.25245825,2.313140483,29.2899598,2.253195449,27.68735952,2.296144351,25.90657748,2.232912962
john2008-bassriverd18o.txt,BR,d18O,d18o_morozovella,-74.43,39.6,-46.05,34.95,-55.55,38.45,-55.55,38.45,-52,38.45,,,nan,nan,0,-4.24,,1,-3.928623529,0.401696112,34,-2.994525,0.439629923,4,glassy,,-0.48343,-0.4707,-0.5658,-0.422,-0.794,NaN,NaN,32.0977893,2.229807223,30.87545728,2.380386197,27.0483994,2.335900961
Babila 2016,BR,MgCa,mgca_acarinina:reductive,-74.43,39.6,-46.05,34.95,-55.55,38.45,-55.55,38.45,-52,38.45,,,2.648,0.268179045,5,3.31,0.014142136,2,3.232,0.100598211,5,2.93,0.127279221,2,,mg_red,,,,,,32.183993,3.087707844,35.51334347,3.066263886,35.23053878,3.100313309,33.7072337,3.062471962
Babila 2016,BR,MgCa,mgca_morozovella:reductive,-74.43,39.6,-46.05,34.95,-55.55,38.45,-55.55,38.45,-52,38.45,,,,,,4.495,0.346482323,2,3.972857143,0.470025329,7,3.69,0.195064092,5,,mg_red,,,,,,NaN,NaN,40.17475835,3.072557814,38.22814915,3.057531343,37.15747233,3.089180919
Babila 2016,BR,d18O,d18o_a.soldadoensis,-74.43,39.6,-46.05,34.95,-55.55,38.45,-55.55,38.45,-52,38.45,,,-2.656666667,0.237557011,3,-3.42,,1,-3.126666667,0.165851339,6,-2.87,,1,glassy,,-0.48343,-0.4707,-0.5658,-0.422,-0.794,25.62160912,2.267706476,28.67859602,2.289219391,27.49106579,2.289349006,26.42768219,2.350936912
Babila 2016,BR,d18O,d18o_morozovella,-74.43,39.6,-46.05,34.95,-55.55,38.45,-55.55,38.45,-52,38.45,,,,,,-3.78,,1,-3.448,0.255479941,5,-3.403333333,0.423359579,3,glassy,,-0.48343,-0.4707,-0.5658,-0.422,-0.794,NaN,NaN,30.14225982,2.201190259,28.67466647,2.319688954,28.65418681,2.209371247
Si et al. 2018,BR,d18O,d18o_acarinina,-74.43,39.6,-46.05,34.95,-55.55,38.45,-55.55,38.45,-52,38.45,,,-2.517295,0.172350317,4,-3.616106667,0.158963148,3,-3.142351,0.360454895,6,-3.0401325,0.482375477,4,glassy,,-0.48343,-0.4707,-0.5658,-0.422,-0.794,24.95974557,2.328071224,29.53541587,2.256292673,27.45334727,2.288299402,27.15036205,2.296199662
Si et al. 2018,BR,d18O,d18o_morozovella,-74.43,39.6,-46.05,34.95,-55.55,38.45,-55.55,38.45,-52,38.45,,,-3.925481429,0.564026128,14,-3.618853333,0.060831584,3,-3.417545789,0.493213172,19,-3.760034545,0.69295091,11,glassy,,-0.48343,-0.4707,-0.5658,-0.422,-0.794,30.54338311,2.240786234,29.50799559,2.215467745,28.64763178,2.280123717,30.11100892,2.427623398
schoon2013-fursectionnorthsea.txt,fur,TEX86,tex86,8.9914,56.8411,9.75,46.35,-35,52.65,-35,52.65,-35,52.65,,,0.53,0.07,3,0.77,,1,0.738,0.0342,5,0.56,0.04243,2,,,nan,nan,nan,nan,nan,18.20128113,4.425434386,31.48174988,4.001224311,30.06555216,4.270510222,19.87884212,4.051249923
Stokke2020-TEX-Fur,fur,TEX86,tex86,8.9914,56.8411,9.75,46.35,-35,52.65,-35,52.65,-35,52.65,,,0.613414446,0.009519156,7,0.74420567,0.022582366,9,0.731867543,0.03425287,11,0.634295049,0.084993666,6,,,,nan,nan,nan,nan,23.20680447,3.899615246,30.45373088,4.301275076,29.84606557,4.265686411,24.29685771,3.739811662
schoon2013-storebaelt.txt,GreatBelt,TEX86,tex86,11.08,55.35,11.65,44.55,25,50.8,11.65,44.55,11.65,44.55,,,0.53143,0.078059117,7,0.7345,,1,0.63789,0.045294227,8,0.4803,0,1,,,nan,nan,nan,nan,nan,18.28158677,4.352673619,29.82628688,4.188862074,24.50811497,3.762657101,14.60512863,4.697382834
sluijs2014-harrellcore.txt,harrell,TEX86,tex86,-88.72055556,32.25111111,-62.75,31.15,-82,32.85,-71,31.15,-71,31.15,,,0.72619,0.03152384,10,0.889,,1,0.88112,0.031898475,16,0.70864,0,1,,,nan,nan,nan,nan,nan,30.11291441,4.353876164,31.88920939,3.077528756,31.47116421,3.049127828,29.07557378,4.279978073
frieling2017-ib10aofnigeria.txt,ib10a,TEX86,tex86,2.8,6.8,3,-6.95,-10.1,-0.35,-10.1,-0.35,-10.1,-0.35,,,0.83364,0.026916456,11,0.95,,1,0.935,0.020362969,2,0.802332687,0.038113715,6,,,nan,nan,nan,nan,nan,35.88928961,4.473180272,32.91262047,2.252781863,34.20359626,3.139659006,34.7157677,4.798669373
frieling2017-ib10bofnigeria.txt,ib10b,TEX86,tex86,2.8,6.8,3,-6.95,-10.1,-0.35,-10.1,-0.35,-10.1,-0.35,,,0.838439605,0.026781911,18,0.95,,1,0.920694622,0.021855882,5,0.83692,0.019610905,13,,,nan,nan,nan,nan,nan,36.19786829,4.556157053,32.9377862,2.266787026,34.85167379,3.530564791,36.11858065,4.574717983
john2008-lodod18o.txt,lodo,d18O,d18o_acarinina,-120.63,36.58,-92.55,44.05,-110.01,42.25,-110.01,44.05,-116,44.05,,,nan,nan,0,-3.28,,1,-2.925555556,0.208558702,18,-2.43,0.112842073,4,glassy,,-0.5982,-1.8707,-0.7032,-2.1821,-2.4597,NaN,NaN,27.35453561,2.346726622,26.10493987,2.261243857,24.0793043,2.283447192
john2008-lodod18o.txt,lodo,d18O,d18o_morozovella,-120.63,36.58,-92.55,44.05,-110.01,42.25,-110.01,44.05,-116,44.05,,,nan,nan,0,-3.02,,1,-2.891764706,0.107716949,17,-2.536666667,0.285715476,3,glassy,,-0.5982,-1.8707,-0.7032,-2.1821,-2.4597,NaN,NaN,26.48501072,2.266844313,26.00608851,2.257671693,24.51264002,2.281477888
john2008-lodod18o.txt,lodo,d18O,d18o_m.velascoensis,-120.63,36.58,-92.55,44.05,-110.01,42.25,-110.01,44.05,-116,44.05,,,nan,nan,0,-3.21,,1,-3.136875,0.164102356,16,-2.9,0.170880075,3,glassy,,-0.5982,-1.8707,-0.7032,-2.1821,-2.4597,NaN,NaN,27.34619848,2.279756646,26.86507475,2.318195998,25.88078186,2.347893326
Smith et al. 2020,M0077,TEX86,tex86,-89.949367,21.45015,-67.25,20.85,-75.05,22.15,-67.25,20.85,-81,20.85,-19.8,,0.856268312,,1,0.981431235,,2,0.96740491,0.011465015,7,,,,,,,,,,,36.6110813,4.409893369,34.5092301,2.37311502,33.72585892,2.290287345,NaN,NaN
Si et al. 2018,Milville,d18O,d18o_acarinina,-75,39.4,-47.25,34.25,-56.75,37.65,-56,38.25,-56,38.25,,59,-2.34574,0.525762176,2,-3.540095,0.047255946,2,-3.368071429,0.216947972,7,-2.98807913,0.337833103,46,glassy,-0.477467,-0.48343,-0.4707,-0.5658,-0.422,-0.794,24.26554476,2.38432892,29.198166,2.268796026,28.55978736,2.170375903,27.04357389,2.257840581
Si et al. 2018,Milville,d18O,d18o_morozovella,-75,39.4,-47.25,34.25,-56.75,37.65,-56,38.25,-56,38.25,,59,-3.15744,0.250414795,2,-3.95545,,1,-3.902644,0.54749055,5,-3.447936667,0.50222532,45,glassy,-0.477467,-0.48343,-0.4707,-0.5658,-0.422,-0.794,27.63516226,2.421135602,30.83374335,2.297604261,30.61015015,2.394920151,28.88707307,2.266712523
frieling2017-sqofnigeria.txt,sq,d18O,d18o_morozovella,3.583333333,6.833333333,3.95,-7.15,-10.1,-0.45,-0.1,-9.6,-0.1,-9.6,,,-3.773568194,0.124479789,12,,,,nan,nan,0,nan,nan,0,glassy,,-0.29589,-0.8146,-0.3713,-0.1102,-0.1003,31.01606521,2.252700003,NaN,NaN,NaN,NaN,NaN,NaN
frieling2017-sqofnigeria.txt,sq,d18O,d18o_acarinina,3.583333333,6.833333333,3.95,-7.15,-10.1,-0.45,-0.1,-9.6,-0.1,-9.6,,,-3.397277083,0.233387435,12,,,,nan,nan,0,nan,nan,0,glassy,,-0.29589,-0.8146,-0.3713,-0.1102,-0.1003,29.52334671,2.265218168,NaN,NaN,NaN,NaN,NaN,NaN
frieling2017-sqofnigeria.txt,sq,MgCa,mgca_morozovella:reductive,3.583333333,6.833333333,3.95,-7.15,-10.1,-0.45,-0.1,-9.6,-0.1,-9.6,,,4.64567,0.36444018,10,,,,nan,nan,0,nan,nan,0,,mg_red,nan,nan,nan,nan,nan,39.08904347,3.117114323,NaN,NaN,NaN,NaN,NaN,NaN
frieling2017-sqofnigeria.txt,sq,MgCa,mgca_acarinina:reductive,3.583333333,6.833333333,3.95,-7.15,-10.1,-0.45,-0.1,-9.6,-0.1,-9.6,,,4.20453,0.508762997,10,,,,nan,nan,0,nan,nan,0,,mg_red,nan,nan,nan,nan,nan,37.45614918,3.034767542,NaN,NaN,NaN,NaN,NaN,NaN
frieling2017-sqofnigeriatex86.txt,sq,TEX86,tex86,3.583333333,6.833333333,3.95,-7.15,-10.1,-0.45,-0.1,-9.6,-0.1,-9.6,,,0.84429,0.017865611,7,,,,nan,nan,0,nan,nan,0,,,nan,nan,nan,nan,nan,36.30479681,4.43708167,NaN,NaN,NaN,NaN,NaN,NaN
aze2014-tanzaniad18omorozovella.txt,tanzania,d18O,d18o_morozovella,39.5,-9.27,39.75,-24.65,23.2,-24.65,35,-16,29,-16,,,-3.437142857,0.386942977,28,-3.75,,1,-3.676666667,0.064291005,3,-4.03375,0.435822293,8,glassy,,-0.05308,-0.8733,-0.5492,-0.6582,-0.9457,28.6897981,2.304218313,30.20147317,2.294960431,29.79400591,2.345054812,31.27588637,2.345668407
aze2014-tanzaniad18oacarinina.txt,tanzania,d18O,d18o_a.soldadoensis,39.5,-9.27,39.75,-24.65,23.2,-24.65,35,-16,29,-16,,,-3.132307692,0.466085719,13,-4.08692,,1,-4.14,0,1,-3.76,0.272396769,5,glassy,,-0.05308,-0.8733,-0.5492,-0.6582,-0.9457,27.45355285,2.242147061,31.46484087,2.275826287,31.66825068,2.286421236,30.08791173,2.233590059
Hines et al. 2017,Tawanui,MgCa,mgca_acarinina:barker,176.38,-40.38,-165.95,-46.95,-171.15,-53.05,-165.95,-46.95,-165.95,-46.95,,750,,,,,,,,,,3.577,,1,,mg_bcp,,,,,,NaN,NaN,NaN,NaN,NaN,NaN,33.99482768,3.095353519
john2008-tumeygulchd18o.txt,tumey,d18O,d18o_acarinina,-120.63,36.53,-92.55,44.05,-110.01,42.25,-110.01,42.25,-116,42.25,,,nan,nan,0,-3.3,,1,-2.8425,0.4327,4,-2.48,0,1,glassy,,-0.5982,-1.772,-0.6232,-2.0247,-2.2973,NaN,NaN,28.06875407,2.347782672,26.00173905,2.28034647,24.58366447,2.214032443
john2008-tumeygulchd18o.txt,tumey,d18O,d18o_morozovella,-120.63,36.53,-92.55,44.05,-110.01,42.25,-110.01,42.25,-116,42.25,,,nan,nan,0,-3.37,,1,-3.08,0.201163,4,-2.375,0.6293,2,glassy,,-0.5982,-1.772,-0.6232,-2.0247,-2.2973,NaN,NaN,28.30077416,2.345781832,27.0549204,2.295128824,24.11349424,2.305569972
john2008-tumeygulchd18o.txt,tumey,d18O,d18o_m.velascoensis,-120.63,36.53,-92.55,44.05,-110.01,42.25,-110.01,42.25,-116,42.25,,,nan,nan,0,-3.16,,1,-3.14333,0.175594,3,nan,nan,0,glassy,,-0.5982,-1.772,-0.6232,-2.0247,-2.2973,NaN,NaN,27.40563575,2.325254873,27.36929494,2.280691537,NaN,NaN
hollis2012-waiparatex-mgca-d18o.txt,waipara,TEX86,tex86,172.75,-43.06666667,-157.15,-48.75,179.15,-54.85,-161,-48.75,-161,-48.75,,,0.5373,0.028158346,10,0.856914894,,1,0.836,0.02972531,2,nan,nan,0,,,nan,nan,nan,nan,nan,19.42371818,4.413068458,33.31317166,3.917859921,34.86921558,4.578513887,NaN,NaN
frieling2014-westsiberian.txt,Siberia,TEX86,tex86,73.52654722,53.50176944,64.55,51.25,45,55.25,49.99,51.25,49.99,51.25,,,nan,nan,0,0.7,,1,0.67,0.03559,4,nan,nan,0,,,nan,nan,nan,nan,nan,NaN,NaN,27.72432631,4.027267037,26.17907571,3.750306889,NaN,NaN
zachos2006-wilsonlakepetmd18o.txt,WL,d18O,d18o_morozovella,-75.05,39.65,-46.95,35.25,-56.45,38.65,-51,35.25,-51,35.25,,,nan,nan,0,-3.93,,1,-3.76545,0.2305,22,nan,nan,0,glassy,,-0.48941,-0.4295,-0.5346,-0.4007,-0.6612,NaN,NaN,30.82733753,2.30553912,30.29355157,2.318203341,NaN,NaN
zachos2006-wilsonlakepetmd18o.txt,WL,d18O,d18o_acarinina,-75.05,39.65,-46.95,35.25,-56.45,38.65,-51,35.25,-51,35.25,,,nan,nan,0,-3.94,,1,-3.02848,0.5056,33,-2.4175,0.221415898,4,glassy,,-0.48941,-0.4295,-0.5346,-0.4007,-0.6612,NaN,NaN,30.99176218,2.303703123,27.11940634,2.295871511,24.65531951,2.360434047
zachos2006-wilsonlake.txt,WL,TEX86,tex86,-75.05,39.65,-46.95,35.25,-56.45,38.65,-51,35.25,-51,35.25,,,0.698,0.013038405,5,0.933,,1,0.89125,0.02306,16,0.77,0.07257,4,,,nan,,,,,28.37659746,4.184988292,32.0207292,2.18981054,32.03250708,3.070678006,32.04842401,4.075134319
Si et al. 2018,WL,d18O,d18o_acarinina,-75.05,39.65,-46.95,35.25,-56.45,38.65,-51,35.25,-51,35.25,,,,,,-3.73514,,1,-3.142364167,0.335745365,24,,,,glassy,,-0.48941,-0.4295,-0.5346,-0.4007,-0.6612,NaN,NaN,30.11237493,2.24833341,27.7274266,2.317672001,NaN,NaN
Si et al. 2018,WL,d18O,d18o_morozovella,-75.05,39.65,-46.95,35.25,-56.45,38.65,-51,35.25,-51,35.25,,,,,,-4.76354,,1,-3.7577595,0.440642371,20,,,,glassy,,-0.48941,-0.4295,-0.5346,-0.4007,-0.6612,NaN,NaN,34.31521424,2.308196821,30.12718935,2.290460965,NaN,NaN
Hancock et al. (2006),259,caco3,caco3,112.6963333,-29.6175,111.05,-52.55,97.35,-53.15,85,-52.55,85,-51,4000,4000,61.25,,1,37.94,,1,37.94,,1,70.72,,1,,,,,,,,NaN,NaN,NaN,NaN,NaN,NaN,NaN,NaN
"Hollis et al., 2015",277,caco3,caco3,166.1913333,-52.22383333,-168.55,-56.15,-173.95,-62.45,-168.55,-56.15,-178.55,-56.15,457,1000,74.02,2.53,21,34.67,,1,62.74,10.26,15,80.53,3.59,12,,,,,,,,NaN,NaN,NaN,NaN,NaN,NaN,NaN,NaN
"Bornemann et al., 2014",401,caco3,caco3,-8.810333333,47.4275,-4.25,35.55,-10.95,41.8,-10.95,41.8,-10.95,41.8,,2000,71.88166791,2.188589276,3,34.12546856,,1,49.17467055,8.168777924,11,38.62177287,4.04228428,15,,,,,,,,NaN,NaN,NaN,NaN,NaN,NaN,NaN,NaN
Thomas et al. (1999),527,caco3,caco3,1.76,-28.04,-3.8,-41.45,-7.75,-34.95,-17.75,-34.95,-17.75,-34.95,3400,3400,83.01333333,2.899942528,6,1.55,1.209710709,6,30.31846154,29.3107804,13,85.39,4.561089051,7,,,,,,,,NaN,NaN,NaN,NaN,NaN,NaN,NaN,NaN
Thomas & Bralower (2005),549,caco3,caco3,-13.1,49.09,-7.75,37.95,-14.75,43.75,-20.01,43.75,-20.01,41.8,2000-2300,2150,55.3125,2.612449362,4,0.682,0.115628716,5,0.682,0.115628716,5,45.05928571,2.944432724,14,,,,,,,,NaN,NaN,NaN,NaN,NaN,NaN,NaN,NaN
"Bralower et al. (2002),Quillévéré et al. (2002)",577,caco3,caco3,157.72,32.44,-156.55,27.45,-162.55,21.35,-156.55,27.45,-156.55,27.45,1900,1900,96,,,,,,,,,,,,,,,,,,,NaN,NaN,NaN,NaN,NaN,NaN,NaN,NaN
SSP (1988)§,689,caco3,caco3,3.1,-64.52,4.15,-71.45,0.65,-65,4.15,-70,4.15,-70,1400-1650,1525,91.175,1.920720351,4,81.7,,1,81.7,,1,88.56666667,3.082747692,3,,,,,,,,NaN,NaN,NaN,NaN,NaN,NaN,NaN,NaN
Thomas et al. (1999),690,caco3,caco3,1.2,-65.16,1.45,-71.4,-1.35,-65.05,-5,-65.05,-5,-65.05,2100,2100,82.81,1.598061325,2,59.56,,1,66.01,3.097925573,8,73.92,2.086671991,4,,,,,,,,NaN,NaN,NaN,NaN,NaN,NaN,NaN,NaN
SSP (1989)§,738,caco3,caco3,82.79,-62.71,97.05,-63.55,79.4,-62.2,79.4,-62.2,79.4,-62.2,1350,1350,89.5,,1,69.6,,1,69.6,,1,88.8,,1,,,,,,,,NaN,NaN,NaN,NaN,NaN,NaN,NaN,NaN
SSP (1990)§,766,caco3,caco3,110.4541,-19.932,106.85,-42.7,95.55,-42.85,89,-42.7,89,-42.7,3476,3476,93,,,,,,,,,,,,,,,,,,,NaN,NaN,NaN,NaN,NaN,NaN,NaN,NaN
SSP (1995),865,caco3,caco3,-179.55,18.43,-138.05,10.35,-143.85,4.85,-138.05,10.35,-138.05,10.35,1300-1500,1400,95.8,,,92.5,,,92.5,,,95.9,,,,,,,,,,NaN,NaN,NaN,NaN,NaN,NaN,NaN,NaN
Frieling et al. (2018),959,caco3,caco3,-2.73583,3.6275,-3.4,-9.15,-8.55,-2.65,-3.4,-10,-3.4,-10,2091,1000,5.112216151,7.395583928,63,0.456600455,0.354972398,11,1.214911824,1.612573361,111,13.50266625,3.567807208,16,,,,,,,,NaN,NaN,NaN,NaN,NaN,NaN,NaN,NaN
Bralower et al. (1997),999,caco3,caco3,-78.73,12.75,-71.65,2.85,-77.45,3.75,-77.45,3.75,-87.45,9.6,1750,1750,55.335,8.096372645,2,0.255,0.049699095,6,0.255,0.049699095,6,59.435,12.52872566,4,,,,,,,,NaN,NaN,NaN,NaN,NaN,NaN,NaN,NaN
Bralower et al. (1997),1001,caco3,caco3,-74.92,15.75,-59.15,12.25,-66.8,14.55,-59.15,12.25,-69.15,12.9,1500,1500,65.21384615,13.92735889,13,2.636666667,2.640119947,3,2.636666667,2.640119947,3,67.21833333,17.26551046,12,,,,,,,,NaN,NaN,NaN,NaN,NaN,NaN,NaN,NaN
Rudnicki et al. (2001),1050,caco3,caco3,-76.235,30.09994,-51.25,25.95,-59.65,28.9,-51.25,25.95,-61.25,30.1,,2300,63,,,57,,,57,,,,,,,,,,,,,NaN,NaN,NaN,NaN,NaN,NaN,NaN,NaN
Rudnicki et al. (2001),1051,caco3,caco3,-76.36,30.05,-51.25,25.95,-59.65,28.9,-51.25,25.95,-61.25,30.1,1000-2000,1500,56,,,52,,,52,,,,,,,,,,,,,NaN,NaN,NaN,NaN,NaN,NaN,NaN,NaN
SSP (2000),1138,caco3,caco3,75.97488,-53.55175,86.15,-55.55,72.4,-53.3,72.4,-55.55,62.4,-55.55,600-1200,800,93,,,,,,,,,,,,,,,,,,,NaN,NaN,NaN,NaN,NaN,NaN,NaN,NaN
Sluijs et al. (2011),1172,caco3,caco3,150,-44,169.35,-58.75,159,-64.45,149,-64.45,149,-64.45,,2600,0.134735859,0.062607679,99,0.01466,,1,0.128719524,0.06177988,42,0.01982886,0.018325827,114,,,,,,,,NaN,NaN,NaN,NaN,NaN,NaN,NaN,NaN
Colosimo et al. (2006),1209,caco3,caco3,158.50594,32.65180167,-155.45,28.35,-161.45,22.2,-155.45,28.35,-155.45,28.35,2000-2500,2250,95.71875,1.233351271,8,84,,1,90.03727273,3.730587329,11,94.82714286,1.192027546,14,,,,,,,,NaN,NaN,NaN,NaN,NaN,NaN,NaN,NaN
Colosimo et al. (2006),1210,caco3,caco3,158.2594,32.2235,-156.55,27.45,-162.55,21.35,-156.55,27.45,-156.55,27.45,2000-3000,2500,92.85727273,2.011706196,11,85.83,,1,88.12909091,1.711767826,11,89.86380952,1.894540779,21,,,,,,,,NaN,NaN,NaN,NaN,NaN,NaN,NaN,NaN
Colosimo et al. (2006),1211,caco3,caco3,157.85,32.0022,-156.55,27.45,-162.55,21.35,-156.55,27.45,-156.55,27.45,2000-3000,2500,96.585,2.595081887,2,78.33,,1,78.75,8.547742392,3,95.73,2.922031257,4,,,,,,,,NaN,NaN,NaN,NaN,NaN,NaN,NaN,NaN
Colosimo et al. (2006),1212,caco3,caco3,157.7117,32.4483,-156.55,27.45,-162.55,21.35,-156.55,27.45,-156.55,27.45,2000-3000,2500,96.1875,1.33973567,4,83.33,,1,90.97222222,5.386635726,9,,,,,,,,,,,NaN,NaN,NaN,NaN,NaN,NaN,NaN,NaN
Leon-Rodriguez & Dickens 2010,1215,caco3,caco3,-147.9332,26.0296,-107.3,15.3,-114.05,12.25,-107.3,15.3,-127.3,15.3,3200,3200,70.24520009,9.969377348,11,8.25613835,1.31016813,2,17.30416603,8.720998301,5,82.76209083,2.256586691,6,,,,,,,,NaN,NaN,NaN,NaN,NaN,NaN,NaN,NaN
SSP (2002g)§,1220,caco3,caco3,-142.7582,10.18,-103.2,-0.9,-108.35,-3.45,-103.2,-0.9,-123.2,-0.9,2900,2900,76.155,15.37957249,2,0,,1,0,,25,79.106,15.30686063,10,,,,,,,,NaN,NaN,NaN,NaN,NaN,NaN,NaN,NaN
Murphy et al. (2006),1221,caco3,caco3,-143.69,12.03,-104.1,1.15,-109.45,-1.55,-104.1,1.15,-130.1,1.15,3200,3200,45.36333333,16.40843505,34,2.723846154,1.441339299,13,2.723846154,1.441339299,13,82.46153846,7.457227678,52,,,,,,,,NaN,NaN,NaN,NaN,NaN,NaN,NaN,NaN
Mutterlose et al. (2007),1260,caco3,caco3,-54.54,9.27,-36.25,0.25,-41.8,4.85,-36.25,0.25,-46.25,0.25,,1300,57.1,4.753563257,12,1,,2,1,,2,63.15,3.473230965,4,,,,,,,,NaN,NaN,NaN,NaN,NaN,NaN,NaN,NaN
Zachos et al. (2005),1262,caco3,caco3,1.577,-27.185833,-3.55,-40.5,-7.55,-34,-11,-37,-11,-37,3600,3600,88.51428571,1.793905025,7,0.688888889,0.145296631,9,0.688888889,0.145296631,9,92.23571429,1.388749932,14,,,,,,,,NaN,NaN,NaN,NaN,NaN,NaN,NaN,NaN
Zachos et al. (2005),1263,caco3,caco3,2.7795,-28.533,-2.85,-42.65,-6.85,-36.15,-12,-38,-12,-37.6,1500,1500,86.99,1.884704516,10,1.3,,1,2.7,1.452583905,3,90.125,0.320156212,4,,,,,,,,NaN,NaN,NaN,NaN,NaN,NaN,NaN,NaN
Zachos et al. (2005),1265,caco3,caco3,2.64,-28.84,-2.85,-42.65,-6.85,-36.15,-13,-38.5,-13,-38.5,,1850,89.0125,3.351193817,16,32.3,3.252691193,2,56.18125,13.96530075,16,89.4,2.535087112,7,,,,,,,,NaN,NaN,NaN,NaN,NaN,NaN,NaN,NaN
Zachos et al. (2005),1266,caco3,caco3,2.34,-28.54,-4.05,-42.45,-7.95,-35.95,-10.5,-38.1,-9.9,-38.1,2600,2600,82.78888889,1.842854067,9,0.6,0.27080128,4,0.6,0.27080128,4,90.24242424,2.664351504,33,,,,,,,,NaN,NaN,NaN,NaN,NaN,NaN,NaN,NaN
Zachos et al. (2005),1267,caco3,caco3,1.71,-28.1,-3.8,-41.45,-7.75,-34.95,-3.8,-37.7,-10.5,-37.65,3200,3200,83.23444444,3.243069962,9,1.335,0.388029209,4,1.335,0.388029209,4,89.49,1.499233137,3,,,,,,,,NaN,NaN,NaN,NaN,NaN,NaN,NaN,NaN
"Penman et al., 2016",1403,caco3,caco3,-51.80333,39.943328,-26.85,30.25,-34.75,35.45,-26.85,30.25,-41,37.5,,5000,0.404,0.131464281,15,0.34,0.1,5,0.336,0.095551033,5,18.515,1.718269478,2,,,,,,,,NaN,NaN,NaN,NaN,NaN,NaN,NaN,NaN
"Penman et al., 2016",1409,caco3,caco3,-49.233087,41.295737,-23.95,30.75,-31.85,36.1,-23.95,30.75,-39,38,,3500,54.39186047,4.862041633,43,43.83,,1,55.6625,4.733296068,4,70.91017241,2.538522496,58,,,,,,,,NaN,NaN,NaN,NaN,NaN,NaN,NaN,NaN
Aze et al. (2014),Tanzania14,caco3,caco3,39.5,-9.27,39.75,-24.65,33.2,-18.65,29,-16,29,-16,,400,6.682692308,5.322767369,26,0,,1,1.147058824,2.032599213,17,16.18818182,16.84427845,11,,,,,,,,NaN,NaN,NaN,NaN,NaN,NaN,NaN,NaN
"Crouch et al., 2003",Tawanui,caco3,caco3,176.38,-40.38,-165.95,-46.95,-171.15,-53.05,-165.95,-46.95,-165.95,-46.95,,750,12.56,4.978594179,6,9.55,0.353553391,2,12.10714286,3.061539152,14,20.13333333,5.052062285,3,,,,,,,,NaN,NaN,NaN,NaN,NaN,NaN,NaN,NaN
"Hollis et al., 2012",Waipara,caco3,caco3,172.75,-43.06666667,-157.15,-48.75,-160.85,-54.85,-161,-48.75,-161,-48.75,,500,0.027906071,0.016047311,10,0.166077381,0.057184736,2,0.166077381,0.057184736,2,,,,,,,,,,,NaN,NaN,NaN,NaN,NaN,NaN,NaN,NaN
"Shipboard Scientific Party, 2000",1135,caco3,caco3,84.27353,-59.69991,96.55,-60.55,80.35,-59.15,96.55,-60.55,76.55,-60.55,1566.6,1500,95,,,,,,,,,,,,,,,,,,,NaN,NaN,NaN,NaN,NaN,NaN,NaN,NaN
Van Andel (1975),164,caco3,caco3,-161.517,13.2017,-121.55,3.25,-127.1,-1,-131.55,3.25,-131.55,3.2,,5220,0,,,0,,,0,,,0,,,,,,,,,,NaN,NaN,NaN,NaN,NaN,NaN,NaN,NaN
Van Andel (1975),166,caco3,caco3,-175.08,3.7617,-135.35,-4.25,-140.35,-9.45,-145.35,-4.25,-145.35,-4.25,,4880,0,,,0,,,0,,,0,,,,,,,,,,NaN,NaN,NaN,NaN,NaN,NaN,NaN,NaN
Van Andel (1975),"168,169",caco3,caco3,173.598,10.7033,-145.15,4.25,-150.65,-1.55,-155.15,4.25,-155.15,3,,5000,0,,,0,,,0,,,0,,,,,,,,,,NaN,NaN,NaN,NaN,NaN,NaN,NaN,NaN
Van Andel (1975),170,caco3,caco3,177.617,11.8,-141.15,4.65,-146.65,-0.95,-151.15,4.65,-151.15,3.1,,5250,0,,,0,,,0,,,0,,,,,,,,,,NaN,NaN,NaN,NaN,NaN,NaN,NaN,NaN
Van Andel (1975),212,caco3,caco3,99.2973,-19.189,93.05,-41.05,82.35,-39.85,83.05,-41.05,73.05,-42,,6050,0,,,0,,,0,,,0,,,,,,,,,,NaN,NaN,NaN,NaN,NaN,NaN,NaN,NaN
Van Andel (1975),248,caco3,caco3,37.4747,-29.5297,38.45,-45.65,30.55,-39.6,28.45,-45.65,28.45,-46.5,,4170,0,,,0,,,0,,,0,,,,,,,,,,NaN,NaN,NaN,NaN,NaN,NaN,NaN,NaN
Van Andel (1975),250,caco3,caco3,39.3692,-33.4623,41.15,-48.35,32.75,-42.65,31.15,-48.35,29,-51.3,,5080,0,,,0,,,0,,,0,,,,,,,,,,NaN,NaN,NaN,NaN,NaN,NaN,NaN,NaN
Van Andel (1975),256,caco3,caco3,100.774,-23.4558,95.05,-45.25,83.45,-44.15,85.05,-45.25,75.05,-45.25,,5000,0,,,0,,,0,,,0,,,,,,,,,,NaN,NaN,NaN,NaN,NaN,NaN,NaN,NaN
Van Andel (1975),260,caco3,caco3,110.299,-16.1445,106.9,-38.7,96.35,-38.95,96.9,-38.7,86.9,-37.5,,5080,0,,,0,,,0,,,0,,,,,,,,,,NaN,NaN,NaN,NaN,NaN,NaN,NaN,NaN
Van Andel (1975),261,caco3,caco3,117.893,-12.9472,116.45,-35.45,106.55,-36.75,106.45,-35.45,96.45,-33.5,,5400,0,,,0,,,0,,,0,,,,,,,,,,NaN,NaN,NaN,NaN,NaN,NaN,NaN,NaN
Van Andel (1975),303,caco3,caco3,154.451,40.8083,-158.05,36.95,-164.1,30.85,-168.05,36.95,-168.05,36.95,,5540,0,,,0,,,0,,,0,,,,,,,,,,NaN,NaN,NaN,NaN,NaN,NaN,NaN,NaN
Van Andel (1975),304,caco3,caco3,155.07,39.3378,-157.65,34.85,-163.75,28.75,-167.65,34.85,-167.65,34.85,,5600,0,,,0,,,0,,,0,,,,,,,,,,NaN,NaN,NaN,NaN,NaN,NaN,NaN,NaN
Van Andel (1975),307,caco3,caco3,161.005,28.5877,-154.45,24.05,-160.35,17.95,-164.45,24.05,-164.45,24.05,,5520,0,,,0,,,0,,,0,,,,,,,,,,NaN,NaN,NaN,NaN,NaN,NaN,NaN,NaN
Van Andel (1975),315,caco3,caco3,-158.526,4.171,-119.45,-5.95,-124.15,-10,-129.45,-5.95,-141,-6.4,,4120,0,,,0,,,0,,,0,,,,,,,,,,NaN,NaN,NaN,NaN,NaN,NaN,NaN,NaN
Van Andel (1975),316,caco3,caco3,-157.128,0.0907,-117.75,-10.05,-122.1,-14,-127.75,-10.05,-137.75,-10.05,,4020,0,,,0,,,0,,,0,,,,,,,,,,NaN,NaN,NaN,NaN,NaN,NaN,NaN,NaN